Square Footage,Bedrooms,Bathrooms,Price
1660,5,3.5195839086001612,318817.8681362469
2094,5,3.7000693701940337,348559.2679315467
1930,5,2.0602641379081543,337088.8754372704
1895,4,1.7106116769234463,313910.57790638285
2438,4,3.3415765457315856,341772.4508985943
2969,5,1.8244181066444083,409011.7760283418
1266,2,3.4678429555410353,203234.7973373696
2038,3,2.2712147609462887,279070.15939201706
1130,3,3.0026496978744115,234629.24230675114
2282,3,1.2866059415040045,303622.566347104
2935,4,2.871577974029719,411283.3727842336
930,4,2.355303036211687,168252.29825504025
2485,2,2.7598253895264224,342605.74144708086
1569,3,1.5040426232345903,214675.4714514494
3191,3,3.2106212348325465,428457.97112781473
2315,5,3.588391232629686,390873.4072486091
3233,4,1.650219400272327,455266.46292085794
2015,3,1.2871436665604852,254630.74701602504
1755,2,1.0709157581390092,171173.49325566864
3124,2,2.925914501329798,399965.7084150209
1984,3,2.821282108266342,336729.4552542122
1259,4,2.64009223814221,270280.3106309219
821,2,1.6958412883479261,151730.8076307114
3100,5,2.172717987716544,432758.0461031072
1547,2,2.783429005558519,252593.887016124
1274,1,2.490300576577508,165283.58465457326
1882,1,3.963356560644662,277177.50379679434
3358,4,1.4093192576701994,447049.1920483855
2847,3,3.0854336621427816,412185.70308211935
1775,4,2.2129563043128764,345887.5453429147
2606,4,2.2845988447768444,382717.302015228
989,4,3.1527932969745285,216012.62694046795
1362,4,3.077308453973109,261848.1405657567
2699,5,3.973767981106565,394125.00161881605
2067,5,1.3851828683623757,313583.4804036545
2328,2,1.3123289481524991,284299.2854600254
1446,1,3.1730164513862236,201713.4788121015
2868,4,2.7351607510192273,410874.50870596286
3014,2,1.8224819996794177,352288.83134754724
2097,1,1.2382581069669598,270694.48495099385
3235,3,1.2569747487892915,402358.7625302033
1400,5,3.682572623992355,295052.5829371128
3163,1,1.5756019741562288,353376.13528208504
2861,3,1.9701146863465624,378755.533972378
1041,1,1.6799692066809642,165801.50339356717
2841,5,2.064988917495812,397732.2294482192
3412,5,1.20827152823828,446161.7431420691
2163,2,2.557179372724811,288583.1700153389
2939,4,1.2028376907766447,365025.1468921854
2190,1,3.4010695234670845,273630.8856575763
2278,1,1.701136245731299,263792.6262150763
3356,3,2.6200357438135318,452388.3197714575
1575,5,3.6402372626843746,317354.7855203041
834,1,2.9526321071415826,151561.27983447464
3053,5,2.598873359654006,461301.05963816954
2755,1,1.9730012593461268,322347.583122204
2385,2,1.999005739174594,316294.38308619667
1821,4,3.0084608655945706,305162.47792526864
3413,1,3.982418083663503,426343.5182429451
1929,5,2.985517569548136,326027.5903909904
2300,2,2.6733502521100747,261323.91061612256
1502,1,3.191951530717738,215393.68971704
3249,3,2.3956168368511546,449289.21527476615
2379,4,1.1804270278023556,354130.7134618672
961,1,2.686890447633729,175711.30640632936
1001,2,3.8728758535161405,222915.75223886647
2781,3,1.5259088270729788,362761.78422532347
1795,2,3.070014672461997,269496.5342350419
3117,2,1.6028010659771694,363388.9780809705
1615,3,2.607483053419244,254290.78868074768
1255,2,1.2900293489401589,197165.8632295252
2075,3,2.3511128087745554,326844.3808749947
1816,1,3.268489986685738,247838.42428666606
3143,3,2.042714572716946,395936.93329372595
1137,3,2.9947351734616543,218631.58677905676
1678,4,3.3863498823691875,310619.3832141201
1876,3,3.781533458438358,275445.90555390454
1591,3,1.7039262455663606,198735.27462075063
3064,1,2.1979477474279245,348358.4792215872
1563,4,1.4572480399912524,233744.4720815856
3035,5,3.9774505064751255,452998.95364418067
1179,1,3.781002903772886,191659.43718024387
1292,1,2.619871390841679,179433.1026821649
1980,5,3.526099883129264,379940.84893635387
2862,3,2.5628739318161267,391178.0042692883
864,2,2.870757064008279,175470.84315234073
3368,4,1.2673732963480497,448254.7423260888
2167,2,3.265811261490424,282910.5065667409
1952,5,1.3831404509057044,336729.342511991
2827,1,3.478202890757585,353357.75763065455
3495,1,3.3460842630111576,433100.8762899916
2295,4,3.126234093228929,334956.36673763086
1962,1,1.1084811415742863,201752.04180329302
2322,1,1.9093850678359858,297198.5691780404
3440,4,1.7893377097325285,458368.25616793823
1191,4,2.0804092224145574,212265.10724906815
2498,5,1.2629282402915156,351350.66197887884
1218,1,3.8108734690931882,221471.7977246932
3136,1,2.6614067221371287,349732.8629747104
1178,5,1.9165729319740707,279402.05304473033
2596,3,2.1909445512228505,334451.7535753854
3078,3,2.341607621514507,415691.9528348853
2888,3,2.8017830000818518,384254.37548624806
2982,5,2.5470382830894933,448469.32286798925
1000,1,3.758175919643252,165490.35875236493
2663,5,2.490890448717491,400407.4986093165
1579,5,3.976474044469938,318365.4941749635
1302,3,3.554274873235287,223470.37398289985
3254,2,1.6255315430720074,404599.4600544826
2551,1,3.7917856439317488,321712.51332954457
1604,3,1.3490991936564283,236064.48959804606
2946,2,3.4523491254735745,366498.24938993336
2695,2,2.1418698804297405,290381.37503053993
2370,4,3.6339229613352084,367688.2891680248
1760,1,3.604170070322351,298314.8594870936
3460,2,3.4177762003528636,452958.7287632534
2285,3,3.370091308921184,338666.1620391299
3490,4,1.9140374172941224,452452.74467524653
1828,1,1.2427578491537565,221890.68559354727
1302,5,2.2089405362954846,274276.49034793646
1197,3,1.5205735449595261,178892.346868216
1670,2,3.084853266707385,275559.2328939882
1192,2,2.0382991796133565,204082.11400302523
1006,3,3.9268306025797446,233866.17355285486
1838,2,2.922916232035996,276413.25825673447
2681,4,3.4674416909030827,400503.95851742604
2284,1,1.3975740182255452,282820.8349927195
1663,4,3.5860434468178677,311926.93437709555
1363,2,3.768271571540183,225743.25935428226
1820,5,2.461185756456808,307445.7508889141
895,1,2.8187588132529324,153818.5081040337
2723,1,3.294429402708986,372696.8440705386
2557,3,1.5245158817812376,313785.59671364055
3332,3,2.507698229390327,401464.96812580613
3078,5,2.195989083316939,444035.0530744844
2478,1,1.4391219764867473,290404.5836844216
1340,5,2.102603266874594,269005.8822905271
1859,3,1.2045169281564807,268846.8178805172
3372,3,1.0774357208484608,408897.4907200308
1983,1,1.4054988674644684,269179.7517840087
2522,4,3.8893453347675218,358522.1004519825
2619,2,2.648588607685051,325058.8886196708
3425,3,3.89746648345966,458896.90204891394
3404,3,2.297493634990396,401998.62830177264
2397,4,1.9354483992557787,345214.63790019526
3493,4,2.5184255885207323,500305.78714237135
1595,5,2.3185350658987303,294695.75575440016
1851,5,1.3169940527852317,309468.92890615214
2443,2,2.922478944070619,302933.8888576077
2163,2,1.6481145475287988,268694.4900521425
2781,1,2.858763864693489,333477.5303639236
2154,5,2.9506032771944604,353304.74722279224
2463,3,1.4560745593859443,353773.9942908645
2329,5,1.1840488813320045,361814.5544344826
2838,3,3.3422847582053192,371705.1122343392
2296,4,2.3794012713079606,350221.1146382595
3037,5,1.1744913865164275,431281.8057676821
2208,4,3.9845989515093017,383371.96504306485
2200,2,1.1733416829891,309210.93897620396
2106,2,3.0851056865756594,276574.7014620775
3480,1,3.9510367757902407,411048.40141264687
3475,5,1.7175403126477768,448111.54751142435
1772,4,1.4267481060615885,273920.8244087842
2568,3,1.3641548182672867,346589.48976293596
2082,2,1.9098254427027865,296594.0719723238
1509,2,1.30313743303194,208928.04102262866
2279,3,3.0764840250823955,327650.3099111391
2234,4,1.1868753943901882,324238.29076082766
1448,4,2.528266384449369,246021.13773414007
1117,5,3.9900905615589304,313342.13285727944
2057,5,3.4419108085180565,325175.4415854097
1483,1,2.8456583146930328,214679.68629830997
1463,2,1.918760862359835,255553.5373199903
2798,5,2.871687508874915,423011.3095243237
2431,4,2.5811243917349547,358016.08517599443
2295,3,2.2782501516711147,316524.8438188582
1936,4,1.3921311302205983,290874.1333180608
2653,2,3.6598126457214004,387654.15917935164
2320,4,2.3493539464639674,303003.0709703693
3289,1,1.583867535462295,403326.68705786095
1363,2,2.103278052631869,179370.02774047514
2091,3,2.242389257586781,297402.79227911343
2436,1,3.4826136867006228,307254.31689453614
1498,2,3.200843141684206,249583.71252067748
2960,3,3.3079146809240196,373656.23317618534
801,1,1.0330937932859416,124839.86022092798
1441,1,2.2484619945392845,238313.12238382632
3067,2,2.4440324549059707,356097.00673173333
2389,5,1.05757683046917,358557.7758092455
1654,1,1.7794396262351027,198851.95083759437
2559,1,3.280869469366405,333630.7861643568
3232,3,1.4113291171869973,404752.89230611996
2461,4,2.6059303943577747,352359.21773448045
1953,2,1.6456056160517125,269741.52993819717
1876,2,1.0363623239316797,279232.3970547101
2507,5,1.7236043727986243,372735.9897574334
2495,5,3.9276212647301616,422809.47781391605
2533,2,3.4046113356489687,318503.71087731124
2239,5,3.8787299329631004,362952.22145808634
3094,3,2.4635621317790872,415801.55753429385
1635,2,1.3292085960325104,253120.44951120694
1002,5,2.6438784669210786,246970.44397952937
922,2,2.3631320036798824,161385.81944473516
1200,4,3.5330712482188478,252981.8968317498
1566,1,1.2942477423527339,171005.56145589665
1093,2,2.4647234110653344,198361.15769308736
3127,1,1.4501459940819528,372098.8511576975
997,5,1.97402778067018,220268.61005339108
2730,1,3.212071232163399,331780.2255272609
2991,2,2.4280543881062995,380838.38041463547
1408,4,2.127664855437308,243980.5781107477
1947,5,2.1834288357101057,326128.7802431352
986,2,2.37834030521796,216269.5403615997
3311,5,3.3550496315111706,476485.23045774765
2594,3,3.6762540668207033,367377.0079618861
1459,1,3.866004059511785,210939.22477997356
2755,3,3.3607101587658854,400794.491811487
3250,2,1.9462206872440382,390568.8268442985
2169,4,3.0644041182596267,329878.6010074659
2786,5,2.3128093721661758,439718.22122795286
2334,1,1.7640118661381536,308252.23808234505
946,5,3.5226147382777677,235430.74975939243
2534,2,1.1152790468869749,272798.3866760923
2643,5,3.7052859764062704,440029.5634428325
1288,1,2.3844323938742025,170873.88939291297
2759,2,2.911604430424841,375386.578439628
2463,5,2.978061766617348,351568.85014502355
3398,4,3.685353222119609,492932.24509778037
3185,2,2.9100090465016217,377926.6971119087
1440,2,2.841800754280185,241242.29369553327
2602,4,1.19995612168207,358484.8031819597
3320,3,2.5552240658356125,411249.5725996013
2769,1,1.450507002451125,310516.8787782312
2998,3,3.2123013061644565,421710.8887316009
2238,5,2.5366657624380236,363967.87549887504
2434,4,3.04068333762506,380698.50967382564
1062,3,1.1250187018071527,222604.09221741703
2587,2,1.2543760481374098,286230.8084878401
2991,5,3.1489701641880465,478678.8039621932
3193,5,1.21625300799602,439630.9138704046
1423,3,1.2137701832957757,202530.87178297408
1816,3,1.0363254257046624,230538.60887079014
1680,4,3.8695041948984406,302260.15510793595
2849,1,3.2125250783770207,371520.87841414445
2127,3,2.0597542255061922,301045.3309750422
3101,3,1.8896067438629656,428667.1997628914
1252,2,2.0491096892375484,166913.13153753203
1983,5,3.3239605935435454,347917.62994623213
2856,1,2.984111833211243,325313.8086099063
2482,2,1.5555867036024038,318806.4382065354
3055,4,1.522328006002253,426072.6678919798
1954,4,1.295186949140192,286412.5683634818
1203,3,2.9809081591040143,172929.34525401753
2999,3,3.293117986665208,413275.732735908
2901,4,1.795139284975012,405761.86030929536
2496,3,1.0628348830927385,333628.41834562505
1427,1,1.2465150024292821,206113.3688728823
1386,3,3.9035801045350915,235732.6279750454
2448,5,1.8863343324322608,386699.33709549287
2243,3,3.307669443514401,357765.1919022755
2245,2,2.8739907065627914,272038.10891831154
903,1,2.1458189189586876,148880.32030275985
1053,2,1.6170617865866652,159472.33017864655
3357,2,1.3641592544782193,394531.9353551404
2296,5,2.8450389041166,379229.11323251575
898,1,3.323901341913364,149913.94884642944
3000,1,2.931712760623392,350461.52982611867
2684,1,2.590906399747475,327946.64434597257
2719,1,1.1258536702949087,287042.8862771676
1677,1,3.9054663327831514,224565.49241404355
1137,5,3.396142574963724,278229.6042835859
1756,3,1.8784661101028943,240801.1109483703
2504,2,3.939910988076552,362824.9148393325
960,1,2.8056447689089663,167336.4973907135
2403,3,2.7472679746217397,306992.8850435142
1197,3,3.244219538288596,214812.00002761584
2100,2,3.4353093642704127,325411.8285250036
1615,5,2.969435821994508,286418.226707124
2327,4,1.3842872390986,324176.22334029124
2719,4,2.014802517983495,391363.25563479034
2215,3,3.784250920978149,353931.5740003242
1958,2,1.6738468355315557,255876.92481208342
2018,4,2.11650107151254,301597.3121788553
1200,3,2.296230648832588,242890.85696645896
1439,5,2.3182149690833564,313451.21781220194
1259,4,2.8388187474835767,268059.44222788955
1754,3,3.8292275132341227,294544.77554981236
1269,3,1.7220781354975148,196565.8575996442
1845,1,1.3645041289027542,208358.67380241002
2493,5,1.592411469579812,383636.45414901234
2885,1,3.6607747006278086,371779.5849271908
3077,2,2.937432437965618,419793.45842841285
1362,1,1.8577203677174805,197074.807366485
3285,1,3.4478408169058516,370156.0062183914
2599,4,3.584109989090308,414700.602190813
2874,3,3.539543016070834,380531.93269477424
1025,5,3.756779600918663,251172.2685747329
1597,1,1.7567230605200848,211054.85003283515
3131,5,3.2651257862388348,501990.2365892618
1759,1,2.38161849182242,293822.64849744353
2304,2,3.5259956586701846,335424.3960627764
1252,1,3.1854720314848395,189318.14809786482
1615,4,3.329342339499174,302130.24806209863
1458,3,2.9684855130432144,268080.3912131249
1346,2,1.5322863084091205,191170.94211499297
2015,1,2.635080756690815,296930.43846860866
816,5,3.9540092185735247,245511.5534624309
2043,2,3.812164199491357,311437.32477419823
3005,2,1.129521207391035,370761.3031519548
3324,1,1.4944444471883114,383248.3989201138
1869,2,1.3951863203636856,264606.6048148475
3365,5,3.1779397299558862,471824.0322183998
2946,2,3.4533559895708352,375234.3047646419
2568,5,1.6405340989320156,359404.9268245463
1860,1,2.5175580788554868,252553.3957952368
3127,3,3.5221090840336,441110.3663307463
3344,2,3.1984046342987518,431531.526837519
1101,3,2.6267116164755446,242990.5229140839
980,5,2.771043071376319,239453.72569406385
1406,2,2.52508164074884,231851.05772308283
1499,4,1.8926453539564618,236455.66278656066
1792,3,2.6950659785770483,271883.9956291677
1939,2,3.066655906150272,293810.5937435696
990,3,3.619968747582423,230281.57342859922
3100,2,2.9088740619377442,387753.77197578247
1780,1,3.283364611129474,245818.4841297808
2806,3,1.480214904863719,332445.7486393396
1984,4,2.38467242325937,307029.5023327584
927,4,1.02799485948128,205927.58616261493
2865,5,1.7400365935648692,424104.6492256043
2616,2,3.1793851453390145,359304.09160770936
2558,3,3.97542985404809,376426.9215543406
3413,5,1.2975342987616476,460904.2776539882
1369,3,2.2044829475838648,216760.82142428902
2146,2,3.4002129060974786,319579.7619955129
2695,4,1.6121069038866964,382101.06244608824
1425,1,2.6652548479068585,212319.19967845886
2486,4,3.1992138880890244,366067.5114679838
954,5,2.847956350780537,195052.48686428316
3337,1,1.5640742038462485,399104.1672927676
2209,5,2.0661537060572184,342315.5564706902
1584,2,3.3513753534561914,231415.11502098048
1045,1,2.6626795423960496,178309.77137422064
2300,5,1.015688840628738,337395.07981104846
2505,2,3.2829722800842815,360943.31188219663
1337,4,1.1059340648207172,242629.12996384472
2690,2,3.2372013481936963,371229.40668691497
2641,3,1.6074416804957123,320892.510983425
1720,2,3.8742204403581404,294352.1863131001
3255,2,2.1038222539062534,402282.3444332709
1324,3,1.9807948490142373,214726.3799502895
2329,5,1.446664150997334,357467.73161180504
835,5,1.9168126464706448,176727.4850390933
1484,2,3.6299522854846016,251022.34051188244
819,3,3.989003012881742,181147.6150295847
3168,3,2.104928591520545,381320.5231559375
3359,4,2.345831892863628,420640.29466859665
1199,5,3.166212814608211,289646.9597189217
1771,1,3.6585873413952235,239393.54224707256
2706,5,2.7791330025603527,442961.54923673527
3318,5,2.174577094533488,453702.62715695635
1966,4,2.2378655225458712,276020.8236863291
1915,1,3.0868544394904207,235472.32779338313
1633,4,1.009654790812836,283161.05426233134
2623,1,2.858768012379522,322063.5566269595
2782,2,2.0664790313240724,338231.43954004906
1653,1,3.3825919938312525,239239.24442452454
850,4,1.2789719194693965,194220.23351539182
1374,5,2.7646068008451716,301217.07833072677
1948,1,2.442918669658371,280413.7646427341
2997,1,2.926976577715682,356409.2757499535
3161,3,1.194560783448905,367497.4580300928
3417,5,2.739951362284394,474529.9672118004
3152,2,2.684453763878571,400672.4165898363
2515,4,2.681980283248513,352454.5257245155
1481,2,2.8104629997893644,211113.9266989396
1637,5,3.029403811679087,316016.814806184
1877,1,3.414966999042309,257951.45795422563
3291,1,1.809462160384643,376897.8723140014
3460,5,3.475148230540186,482957.3167641014
3111,1,2.494767046790361,363913.49141774006
2395,1,1.2311748374029934,259482.95967567878
804,1,1.1756527877319376,135838.7600384748
1926,4,2.0027149560881825,323345.7110357978
2019,4,3.3546909313344027,295296.60672525415
1573,3,3.1230428042227474,245555.424859493
1676,2,3.3658448940172194,228157.0883084567
1791,5,2.551807169324828,304376.62885173445
846,5,2.320596993866472,217740.19551218985
1068,5,1.442357580118852,199442.45930781215
1169,3,1.9845782608279348,188231.47764991276
1435,4,2.3020580985216257,237951.72403619444
1929,3,1.2658012890388517,276032.3659235617
2493,5,1.6618358581336339,375614.4246127295
2482,2,2.7946758821912163,315685.38716612314
1456,1,3.2069893427175695,217241.25758355152
919,4,3.995042534178849,220892.03632093742
1630,4,3.799339994030673,294556.99770393904
2610,3,2.927695598605575,398384.4757850543
1881,4,2.263744159882216,328865.38343404024
2774,5,2.9085320941246984,395036.3566733185
2169,5,3.356954854240696,383848.97117119393
1540,3,1.355008572770162,250553.05968138427
916,5,2.2297146690888647,202080.4542612806
2653,2,3.5194068569068517,374466.6557287
1950,3,2.151498855799132,318031.12120523804
2731,2,2.7156168136815597,331383.35608033516
1812,1,2.7633080825865948,224299.56481851364
2464,2,1.553428759400918,330054.6607278838
1881,1,2.0867063249568654,244830.50109086593
1433,1,2.0035338662257964,204382.53349817742
1312,2,1.0785901255961945,194190.63621195286
1919,3,1.0725752916740658,275802.5477936738
1941,5,3.4950911310273205,319996.9243991882
1359,5,1.8192124299184371,284134.5405812055
1287,1,2.554236298716446,210405.34432930217
1696,1,1.8961767207663192,213454.83593013423
2012,3,3.8220377353460213,317661.02703391307
1503,4,1.7778902765973212,226346.2040978454
2270,2,2.288970438216805,311619.6516936088
1380,1,3.6181907514538056,223714.01010608996
3094,5,3.525800700375426,461043.19016564515
953,3,1.5583042535388318,201161.63100049255
2479,2,3.407929929387131,332337.40432120813
1796,3,2.374560660213678,286510.5284210772
2043,2,2.4489066162560658,260640.3124699987
1892,2,1.4004399172478315,249735.5557412327
1808,1,1.241804541271374,215939.98296101388
2941,3,3.1838179209212956,406363.4272546383
2573,3,2.489383457065899,347250.2132793213
1757,5,2.3105521078455387,307728.8297042497
1252,5,3.1885246859571903,289548.813718188
2027,1,3.2965386969733292,263412.7957098356
3065,1,1.4767245030080607,316519.3255303473
3321,4,2.830675448432924,489551.8098106023
3279,5,1.4060622468330566,476620.01527630555
3188,2,3.254125258087137,381766.6249691947
1350,3,2.9708654688014184,253357.13813692518
2435,1,3.8698438632503738,311488.1625377287
2112,3,1.2068740490692635,294572.85504266014
2557,3,1.171164163453763,339151.9450320763
1156,4,1.8465612240796005,218610.2623548676
2870,5,1.785117051207718,398101.4424563878
2585,1,1.7409363972159995,290803.2249119148
3369,3,3.71876374156311,434357.61781382177
2581,1,1.7486385995485183,287693.1348286189
3289,2,1.815849178385893,394794.1718748013
2431,4,3.278194787253891,357957.7220265933
1815,2,2.34921952735162,270379.3342245267
2148,1,3.3301316708655437,314496.8981697017
1315,1,1.1960984726931558,157840.41226299645
1135,5,2.462713581020153,255228.7937260098
2582,3,1.100840800549848,344706.31421430636
3105,3,1.1879596103660637,397759.43957387644
1296,2,3.719312360033233,226908.79075882025
1695,4,1.4177361133527855,285619.69006748626
3007,3,2.5972620468256515,409303.90975599794
1651,5,2.2332868078021195,273846.0536704858
2487,2,2.042029978776528,336713.5709694334
2731,2,3.699500037061817,386338.3173012621
3227,5,1.0654701903264685,423416.3307713254
2368,4,2.991369058526767,362429.2925868535
1756,5,3.890183302640651,347619.32939583116
2436,4,2.6805045503855256,359621.29186419566
2091,5,3.8104673860992753,387716.5717468094
2240,5,1.1567736378580713,388629.0544602583
1991,1,2.2563799572224843,237225.97870563762
1866,2,1.7804733728861535,225686.2085302168
1084,5,3.1924628949421896,262363.3153362303
3244,5,3.94389127149174,497989.61917489895
811,3,1.7695901873327435,163026.52533309578
2430,2,2.9625238044222235,356503.07033275405
3346,3,1.5942928982792204,391742.2774797233
1553,2,2.6959907637148297,249598.2339163547
2882,3,2.3917974600650087,371959.7454857973
889,5,3.9160159888946113,282027.7979575651
1575,5,2.8255818180893995,339734.0343347034
3452,1,2.048519116260456,380594.65498823987
2425,3,1.3422873546638001,311643.1676017854
1217,4,1.4537404862048038,240697.8650326681
914,1,1.6759507898537054,128796.64885201529
1416,3,1.7528999840208939,226985.27540166862
1625,3,3.5518481735234135,276285.49101369944
2449,1,2.6836683648475748,266761.5623487605
2316,5,2.5701727341230995,369875.83608996175
1212,3,1.3443066156076524,187570.0437528313
1528,5,3.580419080048305,296643.8297527291
1475,1,3.168442909625451,243899.28371375805
2692,5,1.2030050857000048,362114.93839991494
3304,2,3.1235052916893062,433516.6831102992
3039,4,2.6306146520279383,417779.9611737829
1922,3,1.2451760372403347,265282.4371886883
2371,4,2.3749019245859695,368530.9667898238
1777,5,2.454088861390141,321312.35881222994
1808,3,1.4973236204898273,274672.114251738
2943,5,3.837094441000847,471220.1098256699
2487,2,3.549926114441986,335322.7240529633
836,1,3.007067011987325,136461.27048965485
2348,3,2.386886683001822,308900.2897138714
3126,2,2.2352966247535253,369621.23877172376
3064,2,2.9529204014528627,449675.6945279674
1672,3,2.6362956082207165,291638.02573804645
2621,5,1.1868193176456567,352880.80244052445
2096,2,2.537507946310995,261213.46005979352
2909,4,3.4192108516985185,431825.4840098476
1395,2,2.3777196327908743,226111.09043942243
2703,5,1.1558697326628051,398615.72269628936
1528,5,3.3588345981520993,298083.4031012075
2165,4,1.6040913464079232,318052.28499606083
1196,2,1.7758625046641163,192795.52805314888
1498,5,1.4941190602968877,273929.6460303199
3024,3,1.9906451946144927,347873.6704642667
2435,1,3.270254517065905,307957.8251444847
1195,1,2.5581575785118122,160844.2349924709
3292,1,1.6146438224521376,376923.8857149523
875,2,3.6334902344561226,241707.53356891003
1064,4,3.6387455648545877,248330.8167823049
3302,5,3.6117352751380207,478105.4354036224
2619,3,1.716388634144618,366081.8595517143
1517,3,2.3537180325429645,256659.52823232874
1650,2,3.9549689684226252,272726.4243353762
2190,1,3.316037428929971,300877.573298263
943,2,1.0815022636766796,191653.40525174103
1684,4,1.195613773781476,243716.43790020383
1195,4,2.391794130436998,244849.55349278406
2292,5,3.7276606175846805,366587.2866641394
1967,5,2.6161053938581427,347051.8338347171
3416,4,2.4934375241028706,440627.83263182116
1862,4,1.3164210998698918,277598.9802259467
2956,4,2.970340314172882,414253.30642783514
1865,2,3.4663094818006766,298010.97661390435
2009,4,2.1412600225226868,331387.9892166886
3245,3,3.3268355527759823,409488.1857627121
1433,1,3.893429961702435,222800.1316455335
1956,4,1.6112993773830673,285577.89356576256
2038,1,2.569988893584224,237179.73519025667
1532,2,1.8614138742537265,216780.86710531847
1034,1,3.378563257101518,167908.79308740637
1550,2,2.7327800976434724,284526.03119156254
3435,3,2.9037472526509114,455715.4052969776
1753,2,3.393742478847682,238653.78716763048
3339,2,2.1879114179873644,395423.19118639163
2342,5,3.7452702052211295,410806.71898690495
1997,4,2.5990866017384198,360455.1544834748
2476,4,1.473864468506044,317988.3007828315
1991,3,3.0876973545064073,267816.9726148152
3017,3,3.379784051314763,449816.06427715713
2216,4,1.9502850312025801,338646.55901545676
3481,5,3.571537770996259,484307.21192741656
2017,4,3.718429764297299,348169.02818690817
2340,5,1.830713462133427,308745.7471516638
2876,3,3.950564418145666,406925.9764041282
2245,1,1.4221345841462751,272388.44221905584
3186,3,1.6060470052074698,421176.1078688686
2319,3,1.5526745177140784,294912.1987198604
2188,2,3.681969130023611,315743.28017842135
2656,2,2.962877656974886,331534.6723334315
2165,2,1.4563128496668187,283452.36785848864
1299,2,2.320970255105047,186807.6273793152
2480,5,2.845894075209406,382526.3943449367
1310,4,1.2503922549681499,209839.57592871768
1016,1,3.6472491052220164,189331.4614148034
2124,3,3.4108106063246053,340731.1814280024
1955,5,2.515620320729915,328541.89341180044
2627,1,3.9013798457775115,341985.45758586325
2610,5,2.253282937825299,365827.4157747086
3292,5,3.9523309571094933,482491.43139650667
2005,3,3.0037599964108814,304552.30760532833
3014,4,2.9040138197618246,477376.06911702687
890,2,1.497864685887355,129228.62977282704
1513,4,3.645783274913932,315270.2938987577
2681,3,2.2824690637618454,382274.2114257438
838,3,1.4867002173474382,171713.2313500143
972,3,1.0378225599272772,207939.74808281183
1452,1,2.679267050915148,212831.11521586447
1553,4,2.582198866368029,281816.16690887907
2043,4,3.1580608671074755,330608.4999462612
1881,5,3.6707741590534066,367632.99003417365
2483,5,1.2382197539290885,388802.680985154
3323,5,3.194489471021087,467703.796315392
1255,3,1.5622358322927465,182548.59359241583
1628,4,3.574531159471492,292358.3546441592
1694,3,3.457190541584968,265257.0868358216
2184,1,2.6223812649566334,276465.2274820424
2758,5,3.1307283958699346,447509.68863173184
3234,3,1.9430503395512453,403399.7219915329
2796,3,2.413503696798444,374946.08782574517
3195,1,3.464910693131415,392634.1150931391
989,2,2.3777955915196416,191535.5515169003
1304,4,2.0733947959763253,196563.13525995277
2014,2,2.4826373417508996,266505.5542309575
2331,5,3.484747757311655,389596.89020526427
1623,3,2.005624142112618,276385.9412602265
1728,1,1.5212847794072313,205781.22274098438
1733,1,3.1360420609923425,202809.57679404767
1940,4,3.4779346381242453,338563.2484911864
933,2,1.3019124355706,140121.43875704642
2905,4,1.7196223382678342,372501.0018922103
1484,3,1.4259159692829817,217301.83174498024
3020,4,2.0438242347465,408966.85636808054
2652,1,2.351052936716238,308370.9007599793
1614,1,3.2464790108899195,185985.86402136742
1972,5,2.9534427546450224,359442.96525741793
879,5,2.8627857024352936,256339.28636210386
1002,3,2.057124839828963,204087.31242422457
2052,2,3.52434265925428,275311.42648031784
2499,4,2.413861502194494,362078.09185396705
2050,3,3.9373148140454637,323929.2959060928
2482,5,2.9024264148872105,403712.28401454637
2355,4,1.3787942246935083,349548.72314476426
2894,5,3.028532686226302,420144.5143178246
2056,4,1.9753120462950968,316869.59182269766
2349,2,3.058981590058292,329930.33194317925
1966,3,1.2089234444872172,303850.2981102436
2196,4,1.524644311527878,336559.79546941264
1270,1,3.5672117767173592,216289.31039827078
1835,1,1.6815386710705447,230399.61262464538
2153,4,3.51112337572882,376176.03354000236
1767,4,1.8378282653632314,292462.6798996384
1157,4,2.928645730176123,222407.92774917046
1467,1,3.082451720529493,241004.1752104462
1172,1,2.537964259435159,189227.52934230794
1831,4,1.9159320300901939,282978.10002878326
1945,5,1.6379331291132884,309479.1375887144
2171,5,1.0995680636872787,339525.03185812436
889,2,1.9118392037221714,166841.28396118426
1339,3,2.959488371593849,242238.17088653185
1668,5,3.814914455345448,330249.8902990394
840,1,3.613613446789156,192203.34919336493
1539,5,3.2981943296059075,324803.77798878634
2746,2,3.365342029759896,368892.84227169893
3349,2,2.9949547104279857,438650.5322717695
2024,3,1.7808605726980091,268462.4305199194
1728,5,3.72158509211749,336582.3173806985
2836,1,3.012196935717502,384969.08103042474
3308,1,2.6813218929413196,386658.9104862723
1724,4,1.3329684076404433,255441.84754222495
2381,1,2.3411666314192763,280175.72169942793
1189,3,2.381074813605779,192823.4614572389
2417,3,3.59369082856801,339910.1242659661
1055,1,2.6399446605633656,157689.0079366499
1508,1,2.141201646911229,174806.68432009558
2638,4,3.930400985531978,403068.38146197173
2744,1,1.332161779978947,332427.9701754172
3297,4,2.267645284935834,425559.55567109905
809,4,1.1260740255142159,208176.7888555486
1597,1,3.219712362300791,238211.52720506376
1676,2,3.754229656597452,284525.0565614429
1828,2,1.8401119886514683,237244.9887527293
1815,4,3.5750250303973625,332215.87999729277
2624,1,1.8766546913856934,288711.1423628792
1173,2,3.7323104849317454,231089.60729070636
2993,1,3.261885710790352,371665.0724577259
1023,1,3.414720330524316,184585.82935756043
2062,1,1.0540196668013635,218498.40288952342
3024,5,3.8884310712220778,442825.06922279904
2602,1,3.18001297621097,339844.7590082322
1652,5,1.9142532861584,274946.83920789196
862,4,3.488183994576541,227786.88576063057
2040,2,1.8445635952447899,244325.69779946693
1488,2,3.6182615186983837,260037.4070338091
2284,2,1.3377411712358112,263815.651273167
2433,2,3.111057932382387,341011.86773932626
2952,2,2.622095429934731,387044.050121941
1310,2,1.2896034105863223,176408.61479020334
1184,2,1.725681484776517,195925.7536133423
1204,4,1.0372121088319444,221167.02689915028
1317,1,2.4063038963935175,177017.72132204802
1275,3,1.9037957822800011,195885.84305267586
2800,5,2.7950724528932764,382673.5729599475
2468,3,1.8917134231258514,342168.7022928816
2693,3,1.8997573345209542,326500.30459057324
2260,1,3.22957959619481,296350.57793174835
1513,1,1.1444285079350602,183197.46329738092
882,1,3.7086849855759616,177413.1302924033
1968,2,3.5567916231735444,284110.9643578059
3304,4,3.0034140496792197,448862.2550182465
2701,2,2.779664710322153,366432.3847405982
2848,4,3.676907494418957,426654.7729979667
850,4,1.5559905385861432,194662.9772224477
1484,3,1.2369074865724858,236338.9640947578
1516,3,1.7185305097286143,206666.5151817871
2269,4,3.3837348361005706,372791.7961412482
1248,4,1.10401080017945,233609.53788296378
1680,2,2.748420505250469,228892.64500722708
1287,2,3.9863125485739297,223613.07875512494
2623,3,3.567088281512618,375020.17847013666
2881,1,2.5643370671307686,343875.12031892687
2942,4,1.190922727859927,398741.04024926963
2374,2,3.4941205431571296,358439.14378398063
3001,3,2.796935524531632,423689.36742143106
1049,2,1.3447989911787004,138827.60099905237
1473,4,1.2815718544700685,258964.97762317202
1237,4,3.728880458309777,286211.87326535484
2965,5,3.0076007888142353,449350.1822459976
1570,1,3.4878603979502665,251137.51447297333
1067,5,3.636936700846802,301499.4594267173
2784,3,2.7153170561449667,399603.94676431414
1877,2,2.552339055265124,270971.25774181145
1035,3,2.2912822309629703,218771.0029461396
1188,4,1.9508397633733578,230960.3531125382
1562,5,2.3037878825761355,291234.8791043411
2648,5,3.321638967190469,407596.2997935824
3248,5,2.805770293045395,498154.8215723231
1423,3,3.6775698698645383,241094.97472912804
2052,4,2.330140043137563,350799.45514062577
1377,2,2.821268736156262,230016.31351715137
2922,2,2.893922659275966,347622.7163931007
1234,3,2.7750914869189764,232379.35816361307
2950,5,3.107901319256549,399617.9896358157
1563,1,1.7123004051244188,214494.66641348702
2129,3,2.537091332637372,328660.9996493404
2945,3,1.312674408425043,362342.99701333453
2158,4,2.1535339829344378,330573.9636631282
3282,2,2.4630012058637933,444228.1667629626
1246,3,2.9566727786364173,218835.15759430753
2817,3,3.8515931577586104,378295.74562524713
2131,5,2.8019531996450677,384762.56604392803
1048,5,3.2307817485296795,292513.4700385611
965,1,2.5187981784856084,154355.88611424106
2158,4,2.9023120941289937,359563.942120102
1819,1,1.2127966484013202,246921.46803663744
1341,5,1.7631747425255409,245697.93648711542
1558,2,2.085559279615416,217377.27248687387
2928,5,2.4174800650195407,453679.69123838784
2980,4,1.1369462365071512,428754.47912177746
1596,5,1.420072292659953,292158.70159338636
937,4,1.8304429233739175,183560.35678056767
3031,4,3.9145980727031517,481560.1933245361
2153,4,1.9940410213091524,314591.197363398
2675,4,2.4461231743362477,377489.09199161467
868,4,1.5882931382151788,197471.15376302012
3393,2,2.8323402132273046,452868.311612705
2900,1,1.842049646547923,354710.2642292633
2273,3,1.6209777353152803,319911.9760369674
1004,1,2.5497178853379374,167911.53888243117
2973,4,1.0165173974812625,393418.05433508824
842,2,1.022992097947676,150707.67175958527
2706,5,1.6572064273055733,344866.8948556975
2958,2,1.1101640875024634,346520.312131141
1560,4,1.3240772623920742,260687.5976342167
2942,2,2.016581948016255,341428.4475478537
2794,2,3.4077570387394385,378242.8219373228
2735,4,2.7161459301079027,390152.76453189616
1699,2,2.5380031778692493,283079.56163434853
1159,3,1.880466469624365,235567.39154866262
2519,3,3.795261158298449,359512.8059921135
1080,2,2.191045123711575,177848.92262433973
2687,5,1.2612783003873145,386140.22319364187
1466,4,2.851199548353404,260334.8037021086
892,3,1.3415151804298042,173223.2273870096
1471,5,2.0356694284050763,262469.4000483243
2769,2,2.522235816153427,332121.23054355086
860,5,3.6226675740555274,252794.2380888383
3481,1,2.4806397410203562,417900.1877997415
1828,3,3.1067762980949927,273315.329278225
2289,2,3.978450516997211,346483.8663702102
1403,4,1.394467359693945,228585.45581210256
1481,2,1.8241945765585585,220526.22340913798
3381,4,2.1837282267929394,467262.80365414324
2228,2,2.265484535616494,296110.0167401731
3492,5,2.2330632257966374,491790.76662977226
3080,5,3.7228330076696645,453513.90223729354
1323,5,3.1420979334005694,275502.1373324466
3193,1,2.823715642272111,377538.54601647484
3393,4,1.9281181535883463,433290.20537302044
2768,5,3.471371152663884,425335.0840276426
1901,1,3.8651815344549667,237105.3570395496
2553,4,3.4635948476506795,377430.8477719181
2636,2,1.0046953155744187,312972.9198662229
3096,1,2.9092041105502213,368114.4666083457
2894,3,1.1534061443263022,361871.14324747893
1944,1,1.7728216610011656,239757.0409178149
3061,1,1.178574101043315,353367.441877371
3086,4,2.8113863588481633,448261.1368653729
1879,2,3.0597697404778206,260801.24157020196
3197,3,1.3434629141977155,375787.9266051828
906,5,2.1515166491349387,202031.86149216202
847,5,2.368709526866626,210486.58447910086
1136,1,2.1071590652827497,158168.95962291106
1849,4,1.363075001455579,269946.2036978846
2080,4,2.256843370562426,295930.3172734385
2855,5,3.2535341434252545,425180.595601895
1424,3,1.2130229935997665,224223.87730627594
2690,2,1.2405400422457102,339508.68995039695
2076,3,2.0643138755079526,287416.24707045284
2515,2,3.825177134856775,340617.70057998295
1102,5,3.005717940168742,236751.80292558493
1438,2,3.0360098700176943,228711.36464276988
855,4,2.085759972513595,179817.82690388765
1525,1,2.780982373625615,225677.29186920822
1325,1,1.0303935520832301,132238.57344256624
1273,5,2.9082881392286266,263731.7286393802
827,4,3.73986084272871,224820.0594247655
2925,3,2.8377204050344575,398742.49640196696
1164,4,3.621095780399035,304577.10998559545
1325,1,3.1719191663982813,207074.78798733235
2135,1,1.3616752492110709,233844.03680132586
1682,4,3.7073599218575253,301901.1138860814
1830,4,1.1993315330673247,245465.0463266808
1826,1,2.6019024176432914,240016.54127871414
2446,3,1.426411371380373,309335.0494306904
1718,5,1.0351198321927122,305634.6029940939
3210,5,2.266102780382917,444000.73621383304
2574,4,1.8851221229624686,363341.5135285321
2331,5,2.458001481392809,357258.8653928041
2706,1,2.7315996602036523,366351.0219401214
2015,1,1.1312172169268422,232043.4029315444
2454,4,1.369009885371237,382586.2891501526
1284,4,2.675927189351276,264821.9430826345
2875,4,2.0295020595179745,407583.8654394774
1513,3,3.1875204626483438,266487.46988607553
1862,5,2.956874945775819,338429.07015096233
2776,4,3.5368130889697205,372098.7447476336
2096,2,3.077478480007676,290184.50931710005
2054,2,2.289793232170444,296650.05790624314
2933,1,3.018899867183297,357605.5543382673
925,5,1.8261435227662557,191788.35590542233
1336,4,1.918940496334638,241336.01843347016
2992,2,3.36695547976238,423786.44252154557
2872,5,2.3392585492047466,447226.7125487656
2403,1,3.3951410215550575,309987.0351360052
866,3,3.467267121004835,217637.99235623426
1032,5,3.5726870129838515,249460.16478739673
2956,5,3.749905707523622,417771.15387631994
1969,3,2.2929556615398887,272805.01516050723
2958,5,1.9566004549634166,456406.7821946152
3075,1,2.746596239782342,363219.08196014905
910,1,2.1135172703128826,137835.07946719287
2293,3,2.803222500400699,325351.5735805129
2881,4,3.116757587931474,452934.09561043227
1422,2,3.0652150554764104,260697.40413938742
3442,4,2.123658661060364,500430.4845848681
3272,5,1.5005806050962585,446527.8048684428
3460,2,2.2915880153866226,426286.3100057412
2341,3,1.4277824322457262,285183.8854952701
2105,3,3.670291105551425,355093.0551056368
2561,2,2.0376323822135722,303308.8947078449
2775,1,1.4633792416699714,323786.1999003021
3162,2,1.0763432797172525,350399.0986431019
1676,5,2.9374671588594525,299884.67084811785
2789,1,2.9107069523642295,325815.3556644695
2112,3,2.021812499743875,289369.68228264176
2260,2,1.215135666542953,273444.58093516476
3124,4,2.228886684685696,414867.9243717839
2533,4,1.9336524851901808,378971.4655134588
2405,5,3.031361919205028,363873.172926825
2326,4,2.817337748358071,359270.8947656484
3471,2,2.09378118459262,442865.9008150005
3363,2,1.6536776627649703,390841.23765120667
3197,4,3.9641078984667755,444803.24066204956
2430,2,2.3620048635883446,313819.58045022015
1960,5,3.0648227073407113,365566.8447773249
1558,1,1.4216589027350823,201007.03616009338
1042,5,2.456769098978193,230427.25059252093
3390,5,1.0826101596083966,464916.6854178867
1863,2,2.51636535373135,241999.63730924178
1028,1,3.892052221353107,194807.97352915557
3395,2,2.152620138957401,419961.4482383964
1719,3,1.1169880377247348,242498.65114309333
2046,2,1.0928673727580307,244221.29462242583
805,2,2.1639602798406083,135225.78575193995
1267,2,1.4800748093895821,199597.46886776196
2555,1,1.0700562889845577,316130.4543845496
874,2,3.2686408418505306,163683.45768718206
803,1,2.375569026645672,145101.2694707148
2670,4,1.8677343159179636,333275.4743667281
1445,3,3.7002495490494423,248311.38862259765
917,1,1.3484168806015768,131305.07455160562
2429,4,3.8677564868659577,362722.6789633527
3351,1,1.9419001521320585,365498.37478618894
2821,1,3.665211016926044,343722.57412451296
1746,3,2.8088286294383846,282576.28400810325
3421,5,3.4801220792244623,490555.2508202394
2264,5,3.952039489631393,340915.96767797146
993,1,1.8652163134562372,104864.24164914223
1646,2,3.883406456222779,250713.7932861982
2215,4,2.168445684707261,343180.41699168
2258,2,2.156535714210767,243197.93885865682
3020,2,2.021161312763517,362322.81616842013
2468,1,2.6242228220427557,295638.3852002929
3173,1,1.4624351295354612,387003.2825072009
2233,1,2.6611344560740333,275516.5806068532
1941,1,2.625114437230012,261136.49625326876
2610,5,3.28570543781461,413110.72436896845
1523,1,3.500949885812757,182202.91869104735
1024,5,2.321324050937272,252584.0050966938
1331,5,1.9069997480544814,266012.92632994294
912,1,1.7780046919512835,148035.44317276104
2987,3,1.5838715101146157,460982.82678044576
1358,4,1.1729427465970748,191711.88240898435
2848,2,2.02734393650414,389704.09204278426
2937,5,1.8107430763923498,415112.19575787813
1453,4,3.8992521575992223,289535.36045204854
1119,3,2.673126478750132,211086.65227522716
2373,2,2.0418311170915224,299442.74008841196
2628,2,2.7414028029810877,332524.3834799411
2717,5,1.4175901040370866,399554.0262720165
938,1,2.3321312476066085,118438.49478066555
2826,3,2.8787029642631916,400792.1278143832
3106,5,2.466693495377354,439276.51433295524
1701,3,2.2053364019629726,240578.65924863744
1489,1,3.9815451666990946,219622.92034057016
2839,1,3.640944286446781,383657.1486339532
809,5,2.87021787447832,213246.56637685033
1060,1,2.7081320835468485,173791.0536173951
2742,4,2.861981439473752,382510.5960777968
2473,2,1.6039363234672996,326517.4818504819
3019,5,2.185413229792956,448391.35322269844
2860,3,1.118378598672698,399747.8556460187
1991,4,2.42663811246048,311988.29277692287
2419,5,2.6290737518729896,394709.20237325295
1120,1,1.6832492083096287,159210.08891542334
2142,1,3.8920865414965413,318498.7337597084
2436,1,3.728363832811726,305148.8097400013
3176,1,3.1664297063677176,399996.5518530614
2794,3,2.6001598862960877,374508.45237210765
2743,4,3.6099074789430547,407164.8486419759
2838,2,1.3919570314703886,346514.4051610233
1918,3,3.371529382824655,307417.7486709033
2404,3,1.374462441900545,318692.35576606897
3165,2,3.3826319876482165,411533.74347813375
1035,2,1.8273027047540709,202471.90172255476
2769,1,3.6312717430545667,371078.0698581229
1133,3,3.8321262814761936,248164.98607208082
2708,5,1.446387908215347,383385.0281027528
1175,2,2.3880268151961808,175535.58566337623
1960,2,3.9429621344880554,314250.44318207586
3435,4,2.45022230791944,477774.27046938747
2370,5,3.5906425675436355,420313.05202817416
3360,5,2.7661945663939598,465413.30597652483
2119,2,2.1259897237588055,279198.8727491752
2655,1,1.8573506665776107,280570.57674815546
2172,4,1.6096692732582618,313495.61697765643
1672,5,3.2853945741330914,336412.3288235853
2052,2,2.1596215204690834,268264.4152224723
3117,5,2.5338263866022537,462516.99170305027
2651,4,2.4769764400035457,378444.58448009694
2114,4,2.7318370876993936,338858.6968799221
1524,3,3.5967314368736565,243397.1437567915
2852,2,3.942218030750288,386037.45945393236
877,4,2.222752625721451,141218.5699678073
3421,3,3.4825567663189094,450600.428331544
931,3,3.293583383964153,169894.2858851595
1400,5,2.7205868543667195,304928.69314643706
2572,5,3.8681414308357995,430770.2685178272
1865,3,1.6014235465852082,279854.77283809974
2936,5,1.3277926309288643,443937.01400712057
3249,4,3.561885900866266,439349.9580964973
3143,1,2.317449449901245,404009.00570682983
2663,4,3.5409065626211813,418057.4297245254
2118,3,3.679270615586245,322257.95348941477
1415,3,1.1873727808572143,242022.99465651708
3269,4,3.650394288958182,439530.04408614006
2688,5,2.3449571661082667,387484.0742610705
1846,5,2.5312974670126964,310397.66754039645
1374,3,2.879777533279631,230017.10883791416
2990,2,3.77914782019026,374556.0644476488
1792,5,1.0573482832892922,319521.8855912459
2992,4,2.4305304049534513,410480.8680669052
2048,5,3.063166127291682,357797.59127651283
1302,4,3.1681208730946855,246314.78576814668
2797,3,3.0775972946113237,349451.89340819954
1620,5,1.4033053882243656,288450.72799119394
2951,4,1.8981867651150437,365327.70196833013
2770,3,2.0761465762510403,366769.5177220562
997,2,3.413311623038515,163533.37356892152
2469,4,1.836279617243659,394189.71424327104
3426,2,1.6321148916016095,425308.9778175186
3238,2,3.8723440571142884,424000.23668214394
2002,1,1.0265898553404067,260872.98138319945
3401,5,3.9934625670459347,483075.6189563743
2271,4,3.030463896572187,363426.54602198466
2446,2,3.485407898347351,340877.32714958454
2492,1,1.8838581890385795,302738.2744622521
2112,3,1.04294583300118,312291.25749715307
2835,4,3.21360855568459,426353.97039086494
1277,2,3.5024337910020273,226010.98012153088
2054,5,3.221428395860557,320623.67721334245
1722,1,1.4285508619025158,194427.33702294846
1219,2,3.2602837667709075,208350.07782964915
3004,5,3.306768346322923,451868.97268037684
3397,2,2.9756215470101646,401730.248711674
1920,4,3.2983477983867586,369708.75048736983
1750,4,3.5377643190331964,338394.3458905694
3136,4,2.8408123427123755,448254.5515485353
2077,1,1.2658141419090372,248127.94935431046
3043,4,2.4628834290016326,416999.07203700143
3445,5,1.232948004014815,443955.8508597775
2657,2,2.2226290930972925,340589.04676683666
1316,3,2.221319467376883,230074.84281350826
2458,5,1.1980295324207249,338935.2314766784
2665,5,2.046461601908438,403880.45237352455
1941,4,1.3329942963739445,290989.7334691142
2732,1,3.4247056300276664,306414.43329286715
1614,2,3.843064077893412,241838.26095281114
3075,1,1.2169494257738158,337482.13071817433
2700,2,3.8653456218751043,405733.93747493037
3063,2,2.5677297980102356,395947.00946082873
2862,1,1.8986970338616218,307970.8241259265
